Originally a survey platform focused on high engagement and real-time results. Now acquired by QuestionPro and integrated into their Research Edition.	URL	Account email	Bought From	Email at Bought From	Plan Level	Cost
*vidproposals.com	vidproposals.com					Got a refund - still works
11sight.com			StackSocial account			$109.99
DEPRICATED-GONE-a1powertube	https://a1powertube.com/home/login					
DEPRICATED-GONE AlterStores Reseller - 500 Account Licenses	Alterstores.com					
DEPRICATED-GONE appgyve	https://platform.appgyver.com/					
ApproveMe.com	https://www.approveme.com/contracts/login/					free
DEPRICATED-GONE Auto Commissions Jacker Elite	https://autocommissionsjacker.com/auth/password/recover					13.99
DEPRICATED-GONE Autoblog Niche Profits DFY Bundle	http://paxtonmarketing.com/autoblog-niche-profits-dfy-bundle-download/					
DEPRICATED-AQUIRED Automizy	https://automizy.com/	owner@example.com,admin@bizsynth.com	saasmantra.com			
DEPRICATED- GONE BADASS BONUSES	https://live.digitaldames.net/badass-bonuses-membership-area1625742747940					
DEPRICATED - GONE bCast	https://app.bcast.fm/podcasts#					
bContent	https://www.bcontent.net/settings					
Berrycast						
DEPRICATED- GONE Beupify	https://beupify.com/dashboard					
Bit Form Agency LTD Subscription	https://subscription.bitapps.pro/wp/my-purchased					US$54.00
Biteplay Starter	https://app.biteplay.com/dashboard					$95.58
Bizplan	https://www.bizplan.com/account/products/bizplan					
BlockSurvey	https://blocksurvey.io/					199
Brindle Booking	https://mybrindle.com/my-account/					$21.87
DEPRICATED-GONE Bringie	https://app.bringie.com/dashboard					
bVoice - (Not sure if sign in is possible)	https://bvoice.reelapps.io/dashboard					
calendar.online	https://calendar.online/8e7987f1a81465a2d58b					76.2
chatrace	https://chatrace.com/en/me.php					$245
DEPRICATED- ClickAds	https://clickad.io/login					$47.00
Broken- ClientFinda	https://app.clientfinda.ai					
ClientJoy	https://app.clientjoy.io/auth/sign-in					$245
CliKitz	https://clikitzapp.com/login					
ClipsReel	https://app.clipsreel.io/					97
ClosersCopy - Not sure - maybe I refunded. I had another account though. 	https://www.closerscopy.com/dashboard					$169
CloudSquad	https://appcloudsquad.com/account					$17
ContactInBio	https://www.contactinbio.com/login.php					
DEPRICATED- GONE contentburger.io/login	https://go.contentburger.io/workspaces/					
Conversion Gorilla	https://conversiongorilla.com/members/user_login.php					
ConvertBox	https://app.convertbox.com/login	owner@example.com,admin@bizsynth.com,admin@marketreferral.com				$490.00
CopyMatic	https://app.copymatic.io/login/login.php					$33.00+$97.00
Copysmith	https://app.copysmith.ai/login/					
CopySmith	https://app.copysmith.ai/					
CourseReel	https://course.reelapps.io/my-account					
CrawlIQ	https://app.crawlq.ai/dashboard					
Crove.app	https://my.crove.app/billing					
Dashfrugal						
DashFrugal	https://www.dashfrugal.com/Company/CompanyHome					
Degoo Cloud	https://app.degoo.com/login?redirectUrl=%2Fmoments					
Deskera	https://www.deskera.com/signin?product=aio					$447.00
DFY Profitz	https://dfyprofitz.app/whodaniel/					
DfyLeadfunnel Reseller	https://reseller.dfyleadfunnel.com/,https://dfyleadfunnel.com/wp-signup.php?new=reseller&step=customer-info&cs=6110a1c4bdca39.15397813					
DIGITAL BILLBOARD APP - Full Suite + Additional Networks (Upgrade)	https://digitalbillboards.app/dashboard	owner@example.com,admin@bizsynth.com				$117.00
DigitalThink						
Docdown	https://app.docdown.io/documents					
DocsCloud	https://app.docscloud.io/login					
DooPoll	https://app.doopoll.co/					
DriveZPresso	https://drivezpresso.app/home/dashboard					12
Easybannerspro	https://app.easybannerspro.com/#/dashboard					
EcomSuite	https://ecomsuite.co/profile	bizappstack@bizsynth.com				
Encharge	https://app.encharge.io/	owner@example.com,admin@marketreferral.com,admin@referralmarket.net				
Eventee	https://admin.eventee.co/auth/login					$413.00
Explaindio	http://members.explaindio.com/account/member					
Ezy Multistores	https://ezymultistores.com/login					
FindThatLead	https://app.findthatlead.com/dashboard/search					
Flix	https://flixplatform.com/paid-videos?type=videos					17
Frase	https://app.frase.io/login					142
FunnelMates	https://funnelmates.com/login/					
Funnelvio Commercial	https://dashboard.kyvio.net/					
fyi.to	fyi.to					
geofencing.app	https://geofencing.app/login					$96.00 USD
GitScrum	https://gitscrum.com/					250
GPL PLUGINS CLUB	https://gplplugins.club/					
Grist	https://docs.getgrist.com/					
GroupCollector	https://app.groupcollector.com/login					
HaoWebinar Unlimited Reseller Pro						
heysummit	https://app.heysummit.com/accounts/login/					120
HostZPresso	https://us.hostzpresso.app:2222/					
hoversignal	https://app.hoversignal.com/Sites/13372/Code					
https://aryel.io/	https://aryel.io/	whodaniel,owner@example.com				
https://optinup.org/leadin/login.php	https://optinup.org/leadin/setting.php					
https://resumecats.com/	https://resumecats.com/					
ImagePanda	https://app.imagepanda.co/account/library					
InstantAgency Reseller	http://instantagency.co/register?ut=agencee					
KillerPlayer Ultimate: Lifetime Subscription			StackSocial account			89.99
killerplayer.com						
Kirim.email	https://member.kirim.email/					
LeadBlasta	https://app.leadblasta.com/app/main/dashboard					$89.10
Leaddelta	extension					$79.20
LeadFlow365	https://app.leadflow365.net/campaigns					
LeadScripts	https://app.leadscripts.co/home/start					$76.20
LeadsTunnel	https://app.leadstunnel.net/v1#/v1/campaigns					
LinkHelp	linkhelp.io					
Live Review Unlimited	https://livereviewplugin.com/thanks-jguelwtffp,https://masterylabs.com/my-products/live-review					19.98
Mailconversio - Whitelabel	https://app.mailconversio.com/login					250
MailerLink	https://mailerlinkapp.com/mailerlink-members-portal					17
Mailifier	https://app.mailifier.io/login					
marketro.com/in/member	http://account.marketro.com/in/member	http://account.marketro.com/content/optinup/				
Mighteee	https://mighteee.app/automation/notify/660					
MoolaMeme	https://www.moolameme.com/members/login.php					37+17.00+14.95
Moovly	https://www.moovly.com/login					37
NeverSpam by Allegrow	https://app.neverspam.io/	owner@example.com				
New Year Profit Bot	https://prbsites.com/user/index.php?cmd=home					
nichesss	https://nichesss.com/home?ft=1					$53.10
OFFEO			dealmirror.com	owner@example.com		
Olvy	https://app.olvy.co/login					
OmniBlaster Reseller	https://omniblaster.com/					
OneStream	https://app.onestream.live/plans					$80.19
Outranking	https://apps.outranking.io/login					refunded
Pabbly Subscriptions	https://payments.pabbly.com/app/					
pCloud Lifetime plan 2TB	https://my.pcloud.com/?label=Lifetime%20-%20successful%20payment#page=login					
Pictory	https://pictory.ai/					$233.10
PlayBook 4T	https://www.playbook.com/bizappstack/settings	bizynth@gmail.com,bizappstack@gmail.com				
Plutio	https://app.plutio.com/?__ca__chat=441sxjohuofq					
Poirot	https://system.poirot.app/	owner@example.com	saasmantra.com			117
postaga	https://app.postaga.com/					free
postpace	https://dashboard.postpace.com/users					
Predis.ai	Predis.ai					
PrimeMail	https://primemailapp.com/app/customer/index.php/templates/gallery					
Primemail Reseller	https://welcome.primemail.live/primemail-reseller-hsgy-hytgd43-snqaju-sr2r/					53.6
ProductDyno	https://warlord.productdyno.com/login					
ProfitWriter	https://write.serapisnow.com/aw/new					14.93
ProfiZBuddy	https://probuddy.toolzhub.live/dashboard					
PROGRAMMATIC TV APP - Full Suite + Additional Networks (Upgrade)	https://programmatictv.app/login	owner@example.com,admin@bizsynth.com				$117.00
RADAAR	https://dash.radaar.io/v2/?lang=en					$119.07
Rezi	https://app.rezi.ai/dashboard/resumes					
Ringless App - Full Suite	https://ringless.app/profile	owner@example.com,admin@bizsynth.com	https://www.zaxaa.com/purchases			$87.00 USD
Robinhood Crypto	https://robinhood.com/us/en/applink/crypto_collection					$20
RunTheWorld	https://www.runtheworld.today/app/dashboard					120.69
Saleshub	https://app.saleshub.ai/automations		saasmantra.com			98
ScriptReel	https://app.scriptreel.io/					
SendFox	https://sendfox.com/login					49
SendFox	https://sendfox.com/dashboard	admin@bizsynth.com				245
Sizzle	https://dashboard.sizle.io/s/0/presentations					29.99
SociGrow	https://login.socigrow.live/igram/hdphotos					
Sqribble	https://sqribble.net					
Squirrly SEO	https://cloud.squirrly.co/user/plans					120
Startups Unl	https://www.startups.com/unlimited?prompt=login					
Storey Pro	https://www.meetstorey.com/login					
Studio Cart	https://users.freemius.com/store/2224/websites					167
studioninja.club	studioninja.club					
SupportChamp	https://app.supportchamp.io/app/login	admin@fineproductsandservices.com,owner@example.com,admin@bizsynth.com,admin@eventsynth.net				
SurveySensum	https://portal.surveysensum.com/workspace/settings/subscription/plan					0
Switchy.io	Switchy.io					$175.50
SyncSpider $	https://app.syncspider.com/app/					
TexAu	https://texau.app/public-recipes					
Text-to-Speech Converter	https://naturaltts.com/convert					
DEPRICATED- OUT OF BUSINESS -Timelinr Personal Plan: Lifetime Subscription	https://www.timelinr.com/					$49.99
Tocked	https://tockedapp.com/login					
TopicMojo	https://topicmojo.com/app/model					
UltimateTrafficBoost	https://ultimatetrafficboost.com/dashboard					56
UppBeat Music	https://uppbeat.io/my/account#your-uppbeat-plan					
VatrinaLive	https://admin.vetrinalive.com/	owner@example.com,admin@marketreferral.com,admin@fineproductsandservices.com,admin@bizsynth.com				
Vbout	https://app.vbout.com/Login/					
VideoReel	https://app.videoreel.io/					
VideoCopyDyno	https://video.copydyno.com/signin					
videotik	https://app.videotik.io/login					
Viral Loops	https://app.viral-loops.com/#/campaigns					$248.40
Virtual Backgrounds for Video Conferencing	zip					8
Virusdie	https://virusdie.com/websites/	owner@example.com,admin@bizsynth.com			Plan C Agency Branded + Unlimited websites, $390 Agency Plan A- 25 sites	
VSLMaker	http://app.vslmaker.com					
whitelabel studio	https://app.whitelabelstudio.io					$27.00
WOXO	https://woxo.tech/					
WP Fluent Forms Pro	https://wpmanageninja.com/account/dashboard/					499.37
WPvivid Installer-Bundle Plan - Ultimate - Lifetime	https://wpvivid.com/pricing	owner@example.com				$239.20
YayImages(2 years from Aug-21						
Your Virtual 3D Exhibit in Augmented Reality + LT Hosting x3						$45.90
ZoHo Free	https://accounts.zoho.com/signin?servicename=ZohoHome&signupurl=https://www.zoho.com/signup.html					
DialCaller	https://login012.com/dialcaller/my-account/numbers/	User-BizSynth,owner@example.com				
VideoSDK	https://app.videosdk.live/dashboard					
QApop -Quora App	https://app.qapop.com/					
VideoCampaignor	https://www.videocampaignor.com/login	owner@example.com				150
4brand	https://4brand.app/dashboard	owner@example.com				
Binstaapp	https://app.binstaapp.io/login					
AgencyReel	https://agency.reelapps.io/create-video	owner@example.com				
HaoWebinar Unlimited Reseller Pro [Access]	https://app.directpay.io/customer/purchase-access/5uUXydrZi4qK8O2v7oEdAGGznmMxNBOIueCf+ql0PcA=					
CommissionPages	https://cppages.com/user/index.php?cmd=home	owner@example.com				
Loophole Commissions	https://s6m5czdrqs.productdyno.com/p/17022/loophole-commissions	owner@example.com				
Copysmith	https://app.copysmith.ai/login/					
Mailjam	https://mailjam.co/					
MethodX	https://grabmethodx.com/membership-area1602603058765					
ArbitragePro	https://arbitragepro.net/members/index.php	owner@example.com				
Slick Video Templates	https://slick.isolic.net/	owner@example.com				
Maxima	https://mymaximaapp.com/dashboard	owner@example.com	9IkF			
1Link Master reseller	https://www.notion.so/1Link-Reseller-Unlimited-GAIRE-GROUP-0cc4813ff3fe46ab8c66fee35ddfc3f5					
Affiliate Cloner	https://affiliateautobot.com/create/create-new-account.html					
Group Collector Chrome Extension	https://app.groupcollector.com/group					69
YouZign	https://youzign.com/					
Videract	https://app.videract.com/					
Webbyo	https://app.getwebbyo.com/dashboard/readymadewebinars					
UpReacher	https://app.upreachr.com/Search					
VoiceReel	https://voice.reelapps.io/					
Giveaway Profits	https://giveawayprofits.info/user/index.php?cmd=home		promote@#01			
Motion Animation Pro	https://supergoodproduct.com/members-area/downloads-motionanimationpro/					
	https://socialconnect.io/chat/chat.php?cid=337					
	http://socialconnect.io/chat/chat.php?cid=581					
LetReach	https://app.letreach.com/					
EverSuite	https://eversuite.memberportal.io/site/183429/my-products					
SkillZapp	https://skilzapp.io/members/dashboard	owner@example.com				
Funnlbot	https://www.pro.club/funnelbot/					
	https://www.pro.club/software					
HighTicketHijack	https://hightickethijack.info/user/index.php?cmd=home					
AdsightPro	https://app.adsightpro.com/login					
SocialSurveys	https://socialsurveys.io/members/manageclients.php					
	http://trafficfresh.io/					
	http://trafficfresh.io/members/curationeos/					
	http://affiliatetitanx.com/dltitan/afftitanx.html					
	https://canvas.adsightpro.com/					
	https://engagr.io/members/dashboard.php					
	https://www.cbmoneyvine.com/members/index.php					
	https://sendiio.com/auth/login					
	https://app.emailramp.com/members/					
	https://extempore.io/login					
	https://app.postley.io/					
	https://imworkers.com/login/dashboard.php					
	https://imworkers-app.com/Reputation-Power-Ranker-APP/dashboard.php					
	https://imworkers.com/login/website_creation.php					
	http://digitalproductpro.valueaddon.com/					
	http://webinarmastery.valueaddon.com					
	https://tubesiphon.info/					
	https://bigticketcommissions.info/user/					
	https://commissionreplicator.info/user/					
	https://digifunnellab.info/user/					
	https://freebiecommissions.info/user/					
	https://1kdailysystem.info/user/					
	https://leadmonster.io/members/		admin@bizsynth.com			
	https://app.profilemate.com/					
PressPlay	https://v2.pressplay.io/ 					
	https://app.viralmobil.io/					
	https://app.easywebvideo.com/					
	https://appskit.pro/app/danielgoldbergadmin					
	https://app.affiliatecloner.co/					
	http://www.manageclients.io/reseller/faq.php					
	http://socialsuite.io/					
	https://account.expressware.c					
	https://listify.expressware.co/welcome/					
	https://bizsynth.compareshop.co/					
	http://www.affiliatepromoformula.com/					
WordPress Automatic Plugin	https://themeforest.net/					
WordPress Multisite Content Copier/Updater	https://themeforest.net/					
WPBakery Page Builder for WordPress	https://themeforest.net/					
ARVO	https://aisoftllc.com/Arvo/dashboard.php			Live Youtube Streeming of Others Creative Commons Vids		
ProWebVentures	https://users.prowebventures.com/member					
Zaxxa	https://www.zaxaa.com/login					
engagbot	https://app.engagbot.com/					
MyIMuniversity	https://www.myimuniversity.com/login					
Affihub	https://members.affihub.net/					
StorieBot	https://storiebot.io					
VoiceBuddy	https://aisoftllc.com/VoiceBuddy/					
Flickstr	https://flickstr.com/members/					
1 Click Affiliate	https://www.autojvx.com/copyx/login					
Qpop	https://app.qapop.com/login					
Zsuite	https://members.zuitte.com/operations/management/public/login					
Founders Suite	https://foundersuite.com/					
LeadCloser	https://live.leadklozer.com/					
Termageddon	https://app.termageddon.com/					
Pitch.link	https://bizsynth.pitch.link/admin/homes					
TubeGrowthz	https://tubegrowthz.com/home/login					
https://ecomvideomaker.com/login	https://ecomvideomaker.com/login					
Fractal Filters	https://app.gumroad.com/d/e054901296689955901e348c3f220b7c					
Affiliate Egg Products	https://www.keywordrush.com/panel					
PageMaker	https://www.pagemaker.io/					
Viddyoze	https://app.viddyoze.com/login					
Meetvio	https://app.meetvio.com/site/login					
Sertifier	https://app.sertifier.com/					
Hunter	https://hunter.io/					
GroundTruth	groundtruth.com					
AffiliateSites	http://affilisites.info/					
	https://members.profitlynk.com/account/member					
	https://bestsoftwareaccess.com/amember/member					
	https://app.conversiobot.com/					
	https://get.cryptobrowser.site/en/					
VSL Bundle	https://customer.paydotcom.com/dashboard					
Meetvio	https://app.meetvio.com/					
	https://www.pro.club/					
MarketPresso	https://marketpresso.com/					
AgencyReel	https://app.agencyreel.io/					
	https://www.igmoneytree.com/		admin@bizsynth.com	yfflvcrw		
HeySummit	https://app.heysummit.com/accounts/login/		admin@bizsynth.com			
FindThatLead	https://app.findthatlead.com/dashboard/login#signup					
Scrab.in	https://scrab.in/en					
AffiliateTrafficBots	https://affiliatetrafficbots.com/download?cbaffi=THEAIVIDEO&cbfid=39145&cbitems=110&cbpop=C7B5E21B&cbreceipt=8YZI2NK3&ccountry=US&cemail=whodaniel%40yahoo.com&cname=Daniel+Goldberg&coupon=get50off&czip=14612&item=110&time=1575260954&vtid=cbfront					
Ubub	http://ubub.com/manage					
NicheMoney	https://www.pro.club/nichemoney/					
LiveReel	https://app.livereel.io/					
DesignBundle	https://app.designbundle.io/					
ClickFomo	app.clickfomo.com					
Rebrands	https://members.rebrands.io/		owner@example.com	673205C944		
	https://dashboard.mintware.io/					
CoachZippy	https://app.coachzippy.com/dashboard					
BlockSurvey	https://blocksurvey.io/dashboard					
DialCaller Reseller	https://app.directpay.io/customer/purchase-access/YQTk+I/dteWib0mxHh3JjIWUuSgFvpv/6HYQRpcQvLk=					
DialCaller	https://login012.com/dialcaller/my-account/numbers/			BizSynth		
Email Octopus	https://emailoctopus.com/					
Blocksy WP Theme	https://creativethemes.com/					
Pictory	https://app.pictory.ai/			owner@example.com		
Postaga	https://app.postaga.com/login/?redirect_to=/					